Reference	Year	Publication Category	hiPSC Line (Healthy Control)	Number of Healthy Control hiPSC-CM Lines	Confluency at Start of Differentiation (%)	WNT Activator	Time of Wnt Activator (Start Day - End Day)	WNT Inhibitor	Time of Wnt Inibitor (Start Day - End Day)	Day Insulin is Added (Until End Unless Noted)	Purification Protocol	Time of hiPSC-CM Purification (Start Day - End Day)	Method to Assess Differentiation Purity	Differentiation Purity (%)	Maturation Technique: Metabolic?	Metabolic components	Maturation Technique: Electrical Stimulation?	Maturation Technique: Passive Tension?	Maturation Technique: Other Cell Types?	Maturation Technique: Mechanical Stimulation?	Maturation Technique: Cell Alignment?	Maturation Technique: Elastomeric Surface?	Maturation Technique: Cell Derived ECM?	2D: Surface	3D: Platform Type	3D: Cell Types	3D: Type of Stromal Cell	3D: Types of Endothelial Cell 	3D: Cell Composition (CM-EC-SC)	3D: Estimated Tissue Cell Density (10^6 cells/mL)	3D:Estimated Tissue size (mm2)	Immunofluorescent Imaging?	SEM or TEM	Sarcomere/Cellular Alignment Analysis?	Sarcomere Length (um)	Cell Area (um2)	T-tubules Present?	Contractile Analyses Method	Force (mN)	Stress (mN/mm2)	Upstroke Velocity (um/s)	Calcium Handling Analyses Method	Amplitude (F/F0)	Beat Rate (BPM)	Time to Peak (ms)	Time to Relaxation (ms)	Conduction Velocity (cm/s)	Electrical Physiology Analyses Method	AP Conduction Velocity (cm/s)	AP Amplitude (mV)	Resting Membrane Potential (mV)	Max Capture Rate (Hz)	Metabolic Analyses Method	Gene Analyses Method	Pharmacological Interventions
Kit-Anan, W. et al. Multiplexing physical stimulation on single human induced pluripotent stem cell-derived cardiomyocytes for phenotype modulation. Biofabrication 13, (2021).	2021.0	Randomized	Gibco episomal	1	85	CHIR99021	0-2	Wnt-C59	3-5	7	No glucose with lactate		Flow cytometry for cTnT+								Yes	Yes		Micropatterned PAA								Yes		Yes	1.75							Genetically encoded sensor	1.6		140									PCR	
Kofron, C. M. et al. A predictive in vitro risk assessment platform for pro-arrhythmic toxicity using human 3D cardiac microtissues. Sci Rep 11, (2021).	2021.0	Selected	Gibco episomal	1		CHIR99021	0-2	IWP2	2-?	7, not 13-17	No glucose with lactate	13-17	Flow cytometry for cTnT+	84			Yes		Yes						Scaffold free	CM + SC	hCF		95, 0, 5	0.06	0.4	Yes																Optical mapping							E4031, ranolazine, isoproterenol,bispanol-A, 4-AP Bay K-8644
Kolanowski, T. J. et al. Enhanced structural maturation of human induced pluripotent stem cell-derived cardiomyocytes under a controlled microenvironment in a microfluidic system. Acta Biomater 102, 273Â286 (2020).	2020.0	Randomized	iWT.D2.1/2.3, UMGi005-A	2	90	CHIR99021	0-2	IWP2	2-4	6			Flow cytometry for cTnT+	90						Flow				Silicon membrane, microfluidic device								Yes		Yes	1.9	3750		Motion tracking analysis			3.5													PCR	
Kroll, K. et al. Electro-mechanical conditioning of human iPSC-derived cardiomyocytes for translational research. Prog Biophys Mol Biol 130, 212Â222 (2017).	2017.0	Selected	Cor.4U	1													Yes			Yes		Yes		ECM-coated PDMS								Yes			1.45							Dye						Patch clamp							
Kujala, V. J., Pasqualini, F. S., Goss, J. A., Nawroth, J. C. & Parker, K. K. Laminar ventricular myocardium on a microelectrode array-based chip. J Mater Chem B 4, 3534Â3543 (2016).	2016.0	Randomized	Cor.4U	1							Cell sorting										Yes			MEA, Microgrooves								Yes		Yes														MEA	13.6						isoproterenol, fexofenadine, terfenadine
Kumar, N. et al. Scalable Biomimetic Coaxial Aligned Nanofiber Cardiac Patch: A Potential Model for ÂClinical Trials in a DishÂ. Front Bioeng Biotechnol 8, (2020).	2020.0	Selected	iCell	1																	Yes			Electrospun fibers								Yes	SEM					Motion tracking analysis				Dye		7.0				MEA							isoproterenol, verapamil, E4031
Kurokawa, Y. K., Shang, M. R., Yin, R. T. & George, S. C. Modeling trastuzumab-related cardiotoxicity in vitro using human stem cell-derived cardiomyocytes. Toxicol Lett 285, 74Â80 (2018).	2018.0	Randomized	WTC11	1	85	CHIR99021	0-2	IWP2	3-5	7, not 13-21	No glucose with lactate	13-21	Flow cytometry for cTnT+	95										ECM-coated plastic/glass								Yes																						PCR	doxorubicin, trastuzumab
LaBarge, W. et al. Maturation of three-dimensional, hiPSC-derived cardiomyocyte spheroids utilizing cyclic, uniaxial stretch and electrical stimulation. PLoS One 14, (2019).	2019.0	Selected	in-house	1		CHIR99021	0-1	IWR1	2-4	4	No glucose with lactate	10-12, 13-16					Yes			Yes					Scaffold free	CM			100, 0, 0	0.92	0.5	Yes	SEM, TEM															Optical mapping	6.0					PCR	
Lam, Y. Y. et al. Single-cell transcriptomics of engineered cardiac tissues from patient-specific induced pluripotent stem cellÂderived cardiomyocytes reveals abnormal developmental trajectory and intrinsic contractile defects in hypoplastic right heart syndrome. J Am Heart Assoc 9, (2020).	2020.0	Randomized	in-house (6)	6	EB	Activin A, BMP4	0-1	IWR1	3-7	14			Flow cytometry for cTnT+	60				Yes	Yes		Yes	Yes		Microgrooves	Collagen + matrigel	CM + SC	hFF		91, 0, 9	110.0	3.9	Yes						Post deflection	0.09									Optical mapping	15.0					RNA-seq, PCR	
Lauschke, K. et al. Creating a human-induced pluripotent stem cell-based NKX2.5 reporter gene assay for developmental toxicity testing. Arch Toxicol 95, 1659Â1670 (2021).	2021.0	Randomized	BIONi010-C	1	EB	Activin A, BMP4, CHIR99021, bFGF	0-1	Wnt-C59	2-3																													Motion tracking analysis																PCR	thiolidamide, valproic acid
Lee, S. et al. Contractile force generation by 3D hiPSC-derived cardiac tissues is enhanced by rapid establishment of cellular interconnection in matrix with muscle-mimicking stiffness. Biomaterials 131, 111Â120 (2017).	2017.0	Selected	in-house	1	85	CHIR99021	0-2	Wnt-C59	2-4		No glucose with lactate	8-12										Yes			PEG + ECM	CM			100, 0, 0	125.0	12.5	Yes						Motion tracking analysis		0.38	42	Dye		30.0											
Lee, S. et al. Ultrasoft electronics to monitor dynamically pulsing cardiomyocytes. Nat Nanotechnol 14, 156Â160 (2019).	2019.0	Top 100	201B7	1	EB	Activin A, BMP4, bFGF	0-4	IWR1	4-6												Yes	Yes		Electrospun fibers														Motion tracking analysis										MEA							isoproterenol
Lemme, M. et al. Chronic intermittent tachypacing by an optogenetic approach induces arrhythmia vulnerability in human engineered heart tissue. Cardiovasc Res 116, 1487Â1499 (2020).	2020.0	Selected	UKE-1	1	EB	Activin A, BMP4, bFGF	0-3	XAV939	3-10	6			Flow cytometry for cTnT+	92			Yes	Yes							Fibrin	CM			100, 0, 0	10.0	10	Yes						Post deflection	0.12									Patch clamp		90	-65.0			PCR	flecainide, JTV519, E4031, ivabradine, SEA0400
Lemoine, M. D. et al. Human Induced Pluripotent Stem Cell-Derived Engineered Heart Tissue as a Sensitive Test System for QT Prolongation and Arrhythmic Triggers. Circ Arrhythm Electrophysiol 11, (2018).	2018.0	Selected	C25, ERC018, iCell2	3		CHIR99021	0-2	IWR1	3-4	7, not 10-13	1-Thioglycerol	10-13						Yes							Fibrin	CM			100, 0, 0	10.0	16																	Patch clamp		109	-78.0			"fluorometric quantitation with Qubit
"	"ivabradine, E-4031, verapamil, moxifloxacin, HMR-1556, isoproterenol 
"
Lemoine, M. D. et al. Human iPSC-derived cardiomyocytes cultured in 3D engineered heart tissue show physiological upstroke velocity and sodium current density. Sci Rep 7, (2017).	2017.0	Top 100	C25	1	EB	Activin A, BMP4, bFGF	0-3	DS-I-7	3-10	6								Yes							Fibrin + matrigel	CM			100, 0, 0	10.0	10	Yes																Patch clamp		102	-74.0			PCR	Nifedipine, tetrodotoxin
Leonard, A. et al. Afterload promotes maturation of human induced pluripotent stem cell derived cardiomyocytes in engineered heart tissues. J Mol Cell Cardiol 118, 147Â158 (2018).	2018.0	Top 100	IMR-90	1		Activin A, BMP4, CHIR99021	0-3	XAV939	3-5	7			Flow cytometry for cTnT+	90				Yes	Yes						Fibrin	CM + SC	hMSC		91, 0, 9	5.5	0.5	Yes	TEM		1.8	350?		Post deflection; Force transducer	0.6	0.4	42	Dye			200	220								PCR	
Lewandowski, J. et al. The impact of in vitro cell culture duration on the maturation of human cardiomyocytes derived from induced pluripotent stem cells of myogenic origin. Cell Transplant 27, 1047Â1067 (2018).	2018.0	Randomized	SMiPSC 194	1	90; 70	CHIR99021, BMP4	0-3; 0-2	IWR1	3-7; 2-4	7, not 12-16	No glucose with lactate	12-16	Flow cytometry for cTnT+	71										ECM-coated plastic/glass								Yes		Yes	1.7	1752						Dye	0.35	45.0	300									PCR	isoproterenol
Li, J. et al. Extracellular recordings of patterned human pluripotent stem cell-derived cardiomyocytes on aligned fibers. Stem Cells Int 2016, (2016).	2016.0	Selected	IMR-90, iCell	2	EB	CHIR99021, BIO	0-3	KY02111, XAV939	3-9												Yes			Electrospun fibers								Yes	TEM															MEA	11.0						
Li, J. et al. Human Pluripotent Stem Cell-Derived Cardiac Tissue-like Constructs for Repairing the Infarcted Myocardium. Stem Cell Reports 9, 1546Â1559 (2017).	2017.0	Top 100	253G1, 201B7	2	EB	CHIR99021	0-2	KY02111	3-9															Electrospun fibers								Yes	SEM, TEM															MEA						PCR	E4031, verapamil
Li, J. et al. Scaffold-Mediated Developmental Effects on Human Induced Pluripotent Stem Cell-Derived Cardiomyocytes Are Preserved After External Support Removal. Front Cell Dev Biol 9, (2021).	2021.0	Randomized	201B7	1		StemCell Differentiation kit	0-4		6-8	7, not 14-22	No glucose with lactate	14-22									Yes			Electrospun fibers								Yes		Yes				Motion tracking analysis			8	Dye						Optical mapping						RNA-seq, PCR	
Lin, B. et al. Modeling and study of the mechanism of dilated cardiomyopathy using induced pluripotent stem cells derived from individuals with duchenne muscular dystrophy. DMM Disease Models and Mechanisms 8, 457Â466 (2015).	2015.0	Top 100	in-house	2	EB	BMP4	0-1	BPM4, bFGF, Activin A	1-4				Flow cytometry for cTnT+												Scaffold free	CM			100, 0, 0		0.14	Yes																						PCR	
Lind, J. U. et al. Instrumented cardiac microphysiological devices via multimaterial three-dimensional printing. Nat Mater 16, 303Â308 (2017).	2016.0	Selected	Cor.4U	1																	Yes	Yes		Microgrooves, hydrogel								Yes		Yes	1.8			Force transducer 		10.0								Optical mapping	37.0						verapamil, isoproterenol
Liu, T. et al. A net-shaped multicellular formation facilitates the maturation of hPSC-derived cardiomyocytes through mechanical and electrophysiological stimuli. Aging 10, 532Â548 (2018).	2018.0	Randomized	Cellapy	1	80	CHIR99021	0-2	IWP2	4-6	7			Flow cytometry for cTnT+	88										ECM-coated plastic/glass								Yes	TEM		1.4	2900		Motion tracking analysis																PCR	isoproterenol, verapamil, nifedipine, nisoldipine
Ma, R. et al. Electrical Stimulation Enhances Cardiac Differentiation of Human Induced Pluripotent Stem Cells for Myocardial Infarction Therapy. Antioxid Redox Signal 28, 371Â384 (2018).	2018.0	Randomized	Gibco episomal	1	EB								Flow cytometry for a-actinin	79			Yes								Scaffold free	CM			100, 0, 0			Yes										Dye		48.0										RNA-seq, PCR	ionomycin
Ma, X. et al. 3D printed micro-scale force gauge arrays to improve human cardiac tissue maturation and enable high throughput drug testing. Acta Biomater 95, 319Â327 (2019).	2019.0	Selected	BJ1	1	80		0-2		2-4	4, not 12-18	No glucose with lactate	12-18					Yes	Yes		Yes					Collagen + Fibrin + matrigel 	CM			100, 0, 0		0.0225	Yes		Yes	1.8			Post deflection	0.01															PCR	isoproterenol, omecamtiv mecarbil, levosimendan
Ma, Z. et al. Contractile deficits in engineered cardiac microtissues as a result of MYBPC3 deficiency and mechanical overload. Nat Biomed Eng 2, 955Â967 (2018).	2018.0	Top 100	WTC11	1		CHIR99021	0-1	IWP4	3-5	8	No glucose with lactate	17-19	Flow cytometry for cTnT+	80							Yes				3D filamentous matrices composed of three layers of micronscale parallel fibers	CM			100, 0, 0	3.0	0.1	Yes						Motion tracking analysis				Genetically encoded sensor												PCR	
Ma, Z. et al. Self-organizing human cardiac microchambers mediated by geometric confinement. Nat Commun 6, (2015).	2015.0	Top 100	WTC11	1		CHIR99021	0-1	IWP4	3-5	7											Yes			PEG + ECM	Scaffoldless	CM			100, 0, 0		0.13	Yes						Motion tracking analysis			50													PCR	thalidomide
Macqueen, L. A. et al. A tissue-engineered scale model of the heart ventricle. Nat Biomed Eng 2, 930Â941 (2018).	2018.0	Top 100	Cor.4U, PGP1	6	100	CHIR99021	0-2	IWR1	2-4	6			Visual inspection								Yes				Ventricle scaffolds PCL/gelatin nanofibrous sheets, with human fibronectin	CM			100, 0, 0	6.0		Yes		Yes								Dye		90.0											isoproterenol
Madsen, A. et al. An Important Role for DNMT3A-Mediated DNA Methylation in Cardiomyocyte Metabolism and Contractility. Circulation 142, 1562Â1578 (2020).	2020.0	Randomized	UKEi003-C	1	EB	Activin A, BMP4, bFGF		XAV939					Flow cytometry for cTnT+	80				Yes							Fibrin	CM			100, 0, 0	10.0	16	Yes	TEM					Post deflection	0.2														Seahorse	RNA-seq	GW9662
Mannhardt, I. et al. Human Engineered Heart Tissue: Analysis of Contractile Force. Stem Cell Reports 7, 29Â42 (2016).	2016.0	Top 100	in-house, iCell, Cor.4U	3	EB	Activin A, BMP4, bFGF	0-3	DS-I-7	3-10	7, not 10-13	1-Thioglycerol	10-23	Flow cytometry for cTnT+	85				Yes							Fibrin + matrigel	CM			100, 0, 0	10.0	10	Yes	TEM		1.6		Yes	Post deflection	0.152					61.0										PCR	isoproterenol, verapamil, SEA-0400, E4031, NS-1643, ATX-II, tetrodotoxin, ouabain, rolipram, EMD-57033, Bay K-8644
Mannhardt, I., Warncke, C., Trieu, H. K., MÃ¼ller, J. & Eschenhagen, T. Piezo-bending actuators for isometric or auxotonic contraction analysis of engineered heart tissue. J Tissue Eng Regen Med 13, 3Â11 (2019).	2018.0	Randomized	in-house	1	EB	Activin A, BMP4, bFGF	0-3	DS-I-7	3-10	6								Yes		Yes					Fibrin	CM			100, 0, 0	10.0	10							Post deflection	0.6																ivabradine, isoproterenol, 4-aminopyridin
Marchiano, S. et al. SARS-CoV-2 Infects Human Pluripotent Stem Cell-Derived Cardiomyocytes, Impairing Electrical and Mechanical Function. Stem Cell Reports 16, 478Â492 (2021).	2021.0	Top 100	WTC11	1		CHIR99021	0-1	Wnt-C59	2-4	6			Flow cytometry for cTnT+	83				Yes	Yes					ECM-coated plastic/glass	Fibrin	CM + SC	SC		91, 0, 9	5.0	8.6	Yes	TEM					Post deflection	0.04															RNA-seq	
Marsano, A. et al. Beating heart on a chip: A novel microfluidic platform to generate functional 3D cardiac microtissues. Lab Chip 16, 599Â610 (2016).	2016.0	Top 100	iCell	1																Yes					Fibrin	CM			100, 0, 0	100.0	0.3	Yes	SEM, TEM					Motion tracking analysis			10							MCR				1.5		PCR	isoproterenol
Martella, D. et al. Liquid Crystalline Networks toward Regenerative Medicine and Tissue Repair. Small 13, (2017).	2017.0	Top 100	ax2505	1													Conductive material				Yes			Nanotopography										Yes		7000												Patch clamp		120	-80.0				
Martewicz, S. et al. Live Cell Imaging in Microfluidic Device Proves Resistance to Oxygen/Glucose Deprivation in Human Induced Pluripotent Stem Cell-Derived Cardiomyocytes. Anal Chem 90, 5687Â5695 (2018).	2018.0	Randomized	ADHF	1	90	CHIR99021	0-2	IWP4	3-5	7														ECM-coated plastic/glass								Yes																							
Martewicz, S. et al. Transcriptomic Characterization of a Human In Vitro Model of Arrhythmogenic Cardiomyopathy Under Topological and Mechanical Stimuli. Ann Biomed Eng 47, 852Â865 (2019).	2019.0	Randomized	in-house	1		CHIR99021	0-1	IWP4	3-5									Yes		Yes	Yes			ECM-coated plastic/glass								Yes						Stretching device																RNA-seq	
Mastikhina, O. et al. Human cardiac fibrosis-on-a-chip model recapitulates disease hallmarks and can serve as a platform for drug testing. Biomaterials 233, (2020).	2020.0	Top 100	iCellA, iCellB	2														Yes	Yes						Fibrin + matrigel	CM + SC	hCF		75, 0, 25	35.0	1.25	Yes						Post deflection		3.7														RNA-seq	carvedilol, losartan, pirfenidone
Masumoto, H. et al. The myocardial regenerative potential of three-dimensional engineered cardiac tissues composed of multiple human iPS cell-derived cardiovascular cell lineages. Sci Rep 6, (2016).	2016.0	Top 100	201B6	1		Activin A, BMP4, bFGF, Wnt3a	0-5	Dkk1	5-7	5			Flow cytometry for cTnT+	62				Yes	Yes						Collagen + matrigel	CM + EC + SC	hiPSC-MC	hiPSC-EC	62, 19, 2	15.0	100	Yes	TEM					Force transducer		1.5								MCR				4.5		RNA-seq	
Mathur, A. et al. Human iPSC-based cardiac microphysiological system for drug screening applications. Sci Rep 5, (2015).	2015.0	Top 100	WTC11	1	85	CHIR99021	0-1	IWP4	2-5	7			Flow cytometry for cTnT+	90						Flow					Scaffold free, microfluidic device	CM			100, 0, 0	5.0	0.1	Yes						Motion tracking analysis			8	Genetically encoded sensor						MEA							isoproterenol, verapamil, metoprolol, E4031
Matsuura, K. et al. Induced pluripotent stem cell elimination in a cell sheet by methionine-free and 42Â°C condition for tumor prevention. Tissue Eng Part C Methods 24, 605Â615 (2018).	2018.0	Randomized	201B7	1	EB	Activin A, BMP4, bFGF	0-4	IWR1	4-6		Cell sorting													ECM-coated plastic/glass								Yes																							
Mattapally, S. et al. Spheroids of cardiomyocytes derived from human-induced pluripotent stem cells improve recovery from myocardial injury in mice. Am J Physiol Heart Circ Physiol 315, H327ÂH339 (2018).	2018.0	Randomized	GRiPS	1		CHIR99021	0-1	IWR1	3-5	5	No glucose with lactate	10-15	IHC: cTnT, Cx43, MLC2v, MLC2A											ECM-coated plastic/glass	Fibrin	CM			100, 0, 0	9.0	0.5	Yes										Dye					9.4								
McMinn, P., Guckenberger, D. J. & Beebe, D. J. Induced Pluripotent Stem Cells on a Chip: A Self-Contained, Accessible, Pipette-less iPSC Culturing and Differentiation Kit. SLAS Technol 26, 80Â91 (2021).	2021.0	Randomized	IMR-90	1		CHIR99021	0-1	IWP4	2-4	4														ECM-coated plastic/glass								Yes																						PCR	
Melby, J. A. et al. Functionally Integrated Top-Down Proteomics for Standardized Assessment of Human Induced Pluripotent Stem Cell-Derived Engineered Cardiac Tissues. J Proteome Res 20, 1424Â1433 (2021).	2021.0	Selected	DF19-9-11T.H	1	100	CHIR99021	0-1	IWP4	3-5	7, not 17-24	No glucose with lactate	17-24	Visual inspection	95				Yes	Yes						Fibrin	CM + SC	hiPSC-CF		91, 0, 9	11.0	60							Force transducer 		25.0														PCR	
Michas, C. et al. Engineering a living cardiac pump on a chip using high-precision fabrication. Sci. Adv 8 (2022).	2022.0	Selected	PGP1	1	90	CHIR99021	0-1	IWP4	3-5	10, not 12-16	No glucose with lactate	12-16							Yes	Flow	Yes				Fibrin + matrigel	CM + SC	hMSC		98, 0, 2	12.0	14	Yes						Motion tracking analysis																	
Miller, J. M. et al. Heart slice culture system reliably demonstrates clinical drug-related cardiotoxicity. Toxicol Appl Pharmacol 406, (2020).	2020.0	Randomized	iCell	1																				ECM-coated plastic/glass																															aspirin, doxorubicin, sunitinib, erlotinib
Minor, A. J. & Coulombe, K. L. K. Stimulating Calcium Handling in hiPSC-Derived Engineered Cardiac Tissues Enhances Force Production. Stem Cells Transl Med 11, 97Â106 (2022).	2022.0	Selected	WTC11	1		CHIR99021	0-1	IWP2	3-5	10, not 14-21	No glucose with lactate	14-21	Flow cytometry for cTnT+	61			Yes	Yes							Collagen	CM			100, 0, 0	16.0	60	Yes						Force transducer		0.25	0.14 mN/s													PCR	
Miwa, T., Idiris, A. & Kumagai, H. A novel cardiac differentiation method of a large number and uniformly-sized spheroids using microfabricated culture vessels. Regen Ther 15, 18Â26 (2020).	2020.0	Selected	201B7, 253G1	2	EB	Activin A, BMP4, bFGF	0-4	IWP4	4-6				Flow cytometry for cTnT+	95											Scaffold free	CM			100, 0, 0		0.015	Yes																						PCR	
Moon, I., Ahmadzadeh, E., Jaferzadeh, K. & Kim, N. Automated quantification study of human cardiomyocyte synchronization using holographic imaging. Biomed Opt Express 10, 610 (2019).	2019.0	Randomized	iCell	1																				ECM-coated plastic/glass														Motion tracking analysis																	
Murphy, J. F. et al. Adult human cardiac stem cell supplementation effectively increases contractile function and maturation in human engineered cardiac tissues. Stem Cell Res Ther 10, (2019).	2019.0	Randomized	SKiPS-31.3	1		CHIR99021	0-1	IWR1	3-4									Yes	Yes						Collagen + matrigel	CM + cardiac stem cells (CSCs)			90, 0, 10		6	Yes						Post deflection	0.012															Nanostring	
Nakane, T. et al. Impact of Cell Composition and Geometry on Human Induced Pluripotent Stem Cells-Derived Engineered Cardiac Tissue. Sci Rep 7, (2017).	2017.0	Top 100	201B6	1		Activin A, BMP4, bFGF, Wnt3a	0-5			5			Flow cytometry for VCAM1+					Yes	Yes		Yes				Collagen + matrigel	CM + EC + SC	hiPSC-MC	hiPSC-EC	45, 18, 15	15.0	150	Yes		Yes				Force transducer		0.55								MCR				6.9		PCR	
Navaratnarajah, C. K. et al. Highly Efficient SARS-CoV-2 Infection of Human Cardiomyocytes: Spike Protein-Mediated Cell Fusion and Its Inhibition. J Virol 95, (2021).	2021.0	Randomized	in-house	1	EB	CHIR99021		IWP4																ECM-coated plastic/glass								Yes	SEM, TEM																					RNA-seq	
Ng, R. et al. Contractile work directly modulates mitochondrial protein levels in human engineered heart tissues. Am J Physiol Heart Circ Physiol 318, 1516Â1524 (2020).	2020.0	Randomized	PGP1	1	100	CHIR99021	0-1	IWP	3-5	9							Yes	Yes	Yes	Yes			Yes		Decellularized tissue	CM + SC	hCF		91, 0, 9	10.0	9.6							Force transducer	0.64			Dye	0.2		230										blebbistatin
Noor, N. et al. 3D Printing of Personalized Thick and Perfusable Cardiac Patches and Hearts. Advanced Science 6, (2019).	2019.0	Top 100	in-house	1	100	CHIR99021	0-2	IWP2	4-6	8									Yes				Yes		Decellularized tissue	CM + EC + SC	hiPSC-CF	hiPSC-EC	85, 12.5, 2.5	118.0		Yes	SEM									Dye													
Oleaga, C. et al. Investigation of the effect of hepatic metabolism on off-target cardiotoxicity in a multi-organ human-on-a-chip system. Biomaterials 182, 176Â190 (2018).	2018.0	Top 100	iCell	1																Flow				MEA														Post deflection						96.0					15.0						cyclophosphamide, acrolein, terfenadine, fexofenadine
Oleaga, C. et al. Multi-Organ toxicity demonstration in a functional human in vitro system composed of four organs. Sci Rep 6, (2016).	2016.0	Top 100	iCell	1															Yes	Flow				ECM-coated plastic/glass								Yes						Post deflection																	doxorubicin, atorvastatin, valproic acid, acetaminophen, n-acetyl-m-aminophenol
Ong, C. S. et al. Biomaterial-Free Three-Dimensional Bioprinting of Cardiac Tissue using Human Induced Pluripotent Stem Cell Derived Cardiomyocytes. Sci Rep 7, (2017).	2017.0	Top 100	in-house	1		CHIR99021	0-1	IWR1	3-5	Not clear			Flow cytometry for VCAM1+	93					Yes		Yes				Scaffold free	CM + EC + SC	hCF	HUVEC	70, 15, 15	0.165	0.25	Yes						Motion tracking analysis										Optical mapping	4.0						
Ozcebe, S. G., Bahcecioglu, G., Yue, X. S. & Zorlutuna, P. Effect of cellular and ECM aging on human iPSC-derived cardiomyocyte performance, maturity and senescence. Biomaterials 268, (2021).	2021.0	Randomized	HVRDi007-A	1	90	CHIR99021	0-2	IWP4	4-6	9													Yes	ECM-coated plastic/glass								Yes						Motion tracking analysis			45	Dye		24.0	500										isoproterenol
Park, J. et al. Modular design of a tissue engineered pulsatile conduit using human induced pluripotent stem cell-derived cardiomyocytes. Acta Biomater 102, 220Â230 (2020).	2020.0	Randomized	Y6	1	90	CHIR99021	0-1	IWP4	3-5	11	No glucose with lactate	12-14						Yes	Yes						Collagen, PGA mesh, decellularized porcine ECM	CM + SC	hCF		70, 0, 30	30.45	25	Yes						Force transducer	1.1	3.2															
Park, S. J. et al. Insights into the Pathogenesis of Catecholaminergic Polymorphic Ventricular Tachycardia from Engineered Human Heart Tissue. Circulation 140, 390Â404 (2019).	2019.0	Top 100	in-house, Cor.4U	2		CHIR99021	0-1	IWR1	3-5		No glucose with lactate	15-18	Flow cytometry for cTnT+	92			Optical stimulation					Yes		Hydrogel		CM			100, 0, 0		2	Yes						Motion tracking analysis		5.0		Dye													isoproterenol
Parveen, S., Singh, S. P., Panicker, M. M. & Gupta, P. K. Amniotic membrane as novel scaffold for human iPSC-derived cardiomyogenesis. In Vitro Cell Dev Biol Anim 55, 272Â284 (2019).	2019.0	Randomized	in-house	1	EB	Activin A, BMP4, bFGF	0-4	BMP4, Activin A, bFGF, VEGF	4-8														Yes	Decellularized ECM								Yes										Dye												PCR	
Pasqualini, F. S., Sheehy, S. P., Agarwal, A., Aratyn-Schaus, Y. & Parker, K. K. Structural phenotyping of stem cell-derived cardiomyocytes. Stem Cell Reports 4, 340Â347 (2015).	2015.0	Top 100	iCell	1																		Yes		Micropatterned PDMS, Micropatterned PAA								Yes																							
Pioner, J. M. et al. Isolation and mechanical measurements of myofibrils from human induced pluripotent stem cell-derived cardiomyocytes. Stem Cell Reports 6, 885Â896 (2016).	2016.0	Top 100	in-house (2)	2		CHIR99021, Activin A	0-3	XAV939	3-x	7			Flow cytometry for cTnT+	60							Yes			Micropatterned plastic/glass								Yes	TEM		1.8	7696	Yes																	PCR	
Pioner, J. M. et al. Optical investigation of action potential and calcium handling maturation of hiPSC-cardiomyocytes on biomimetic substrates. Int J Mol Sci 20, (2019).	2019.0	Selected	UC3-4 A1	1	70		0-2		2-4	12											Yes	Yes		Micropatterned plastic/glass																		Dye		33.0	190			Patch clamp; optical mapping		100	-75.0				isoproterenol, forskolin
Pires, R. H., Shree, N., Manu, E., Guzniczak, E. & Otto, O. Cardiomyocyte mechanodynamics under conditions of actin remodelling. Philosophical Transactions of the Royal Society B: Biological Sciences 374, (2019).	2019.0	Randomized	iCell	1																				ECM-coated plastic/glass																															
Pointon, A. et al. High-throughput imaging of cardiac microtissues for the assessment of cardiac contraction during drug discovery. Toxicological Sciences 155, 444Â457 (2017).	2017.0	Randomized	iCell	1																					Scaffold free	CM + EC + SC	hCF	CMVEC	67, 16.5, 16.5	0.0125	0.03	Yes						Motion tracking analysis																PCR	amitriptyline, amoxicillin, acetylsalicylic acid, atenolol, AZ1-9, bepridil, captopril, chloroquine, cibenzoline, cimetidine, digoxin, diltiazem, disopyramide, dobutamine, doxorubicin, enalapril, epinephrine, flecainide, furosemide, haloperidol, isoproterenol, lapatinib, levosimendan, lisinopril, milrinone, nifedipine, paracetamol, pravastatin, quinidine, ramipril, sunitinib, tolbutamide, verapamil
Polonchuk, L. et al. Cardiac spheroids as promising in vitro models to study the human heart microenvironment. Sci Rep 7, (2017).	2017.0	Selected	Cor.4U	1															Yes						Scaffold free	CM + EC + SC	hiPSC-CF	HCAEC	50, 25, 25	0.15	0.35	Yes	TEM																						doxorubicin, L-NIO
Portillo-Esquivel, L. E., Nanduri, V., Zhang, F., Liang, W. & Zhang, B. z-Wire: A Microscaffold That Supports Guided Tissue Assembly and Intramyocardium Delivery for Cardiac Repair. Adv Healthc Mater 9, (2020).	2020.0	Selected	iCell	1														Yes	Yes		Yes: Magnetic guided anisotropy				Z-wires with Iron(III) oxide nanoparticles (magnetic)	CM + SC	hiPSC-CF		50, 0, 50	40.0	0.75	Yes		Yes				Motion tracking analysis			time to peak=0.16s														bepridil, cisapride, carbenoxolone
Prajapati, C., PÃ¶lÃ¶nen, R. P. & Aalto-SetÃ¤lÃ¤, K. Simultaneous recordings of action potentials and calcium transients from human induced pluripotent stem cell derived cardiomyocytes. Biol Open 7, (2018).	2018.0	Selected	UTA.04602.WT, UTA.04511.WT	2	EB								IHC for cTnT and RyR2											ECM-coated plastic/glass								Yes										Dye				790		Patch clamp							E-4031, nimodipine, chromanol 293B
Pretorius, D. et al. Layer-By-Layer Fabrication of Large and Thick Human Cardiac Muscle Patch Constructs With Superior Electrophysiological Properties. Front Cell Dev Biol 9, (2021).	2021.0	Randomized	Not listed	Not listed		Yes, Not listed					No glucose with lactate	9-15	Flow cytometry for cTnT+	98					Yes						Fibrin + matrigel	CM + EC + SC	hiPSC-CF	hiPSC-EC	57, 29, 14	10.0	200	Yes						Motion tracking analysis										Optical mapping	30.0					PCR	
Pretorius, D., Kahn-Krell, A. M., LaBarge, W. C., Lou, X. & Zhang, J. Engineering of thick human functional myocardium via static stretching and electrical stimulation. iScience 25, (2022).	2022.0	Randomized	hiPSC5, lzhiPSC5	3	90	CHIR99021	0-1	IWR1	3-5	7	No glucose with lactate	9-15	Flow cytometry for cTnT+	96			Yes	Yes							Fibrin	CM			100, 0, 0	10.0	107	Yes	TEM		1.8																			PCR	
Pushp, P. et al. Functional comparison of beating cardiomyocytes differentiated from umbilical cord-derived mesenchymal/stromal stem cells and human foreskin-derived induced pluripotent stem cells. J Biomed Mater Res A 108, 496Â514 (2020).	2020.0	Randomized	DF6-9-9T.B	1	85	CHIR99021	0-1	IWP2	2-5	7			Flow cytometry for cTnT+	33							Yes			Electrospun fibers								Yes																						PCR	
Qian, F. et al. Simultaneous electrical recording of cardiac electrophysiology and contraction on chip. Lab Chip 17, 1732Â1739 (2017).	2017.0	Top 100	iCell	1													Yes							ECM-coated plastic/glass																															norepinephrine
Qu, Y. et al. Inotropic assessment in engineered 3D cardiac tissues using human induced pluripotent stem cell-derived cardiomyocytes in the BiowireTM II platform. J Pharmacol Toxicol Methods 105, (2020).	2020.0	Selected	iCell	1													Yes	Yes	Yes						Collagen + fibrin + matrigel	CM + SC	hCF		91, 0, 9	50.0	1							Post deflection										Optical mapping							isoproterenol, dobutamine, milrpinone, pimobendan, levosimendan, omecamtiv mecarbil, AMG1, AMG2, pyrethrin-apelin-13
Quach, B., Krogh-Madsen, T., Entcheva, E. & Christini, D. J. Light-Activated Dynamic Clamp Using iPSC-Derived Cardiomyocytes. Biophys J 115, 2206Â2217 (2018).	2018.0	Randomized	Cor.4U	1													Optical sitmulation							ECM-coated plastic/glass																								Patch clamp		110	-78.0				E4031
Querdel, E. et al. Human Engineered Heart Tissue Patches Remuscularize the Injured Heart in a Dose-Dependent Manner. Circulation 143, 1991Â2006 (2021).	2021.0	Selected	UKEi1-A, TC-1133, C25	3	EB	Activin A, BMP4, bFGF	0-3	DS-I-7	3-10	6-10			Flow cytometry for cTnT+	83				Yes			Yes				Fibrin	CM			100, 0, 0	10.0	3,500	Yes		Yes				Post deflection	4.6									MEA	41.0	110	-82.0				isoproterenol
Rajamohan, D. et al. Automated electrophysiological and pharmacological evaluation of human pluripotent stem cell-derived cardiomyocytes. Stem Cells Dev 25, 439Â452 (2016).	2016.0	Selected	FIB-hiPSC, BT1-hiPSC	2		Activin A, BMP4	0-2	KY02111	2-4	4			Flow cytometry for cTnT+	91										ECM-coated plastic/glass								Yes																Patch clamp		105	-39.0				tetrodotoxin, nifedipine, E4031
Raval, K. K. et al. Pompe disease results in a Golgi-based glycosylation deficit in human induced pluripotent stem cell-derived cardiomyocytes. Journal of Biological Chemistry 290, 3121Â3136 (2015).	2015.0	Top 100	GM20089, GM20123, GM04912	3		CHIR99021	0-1	IWP2	3-5	7			Flow cytometry for cTnT+	80			Yes								Fibrin	CM			100, 0, 0	6.0	141	Yes	TEM					Force transducer 	1.2																
Rehnelt, S. et al. Frequency-dependent multi-well cardiotoxicity screening enabled by optogenetic stimulation. Int J Mol Sci 18, (2017).	2017.0	Randomized	Cor.4U	1													Optical stimulation							ECM-coated plastic/glass								Yes																							lidocaine, nifedipine, E4031
Richards, D. J. et al. Human cardiac organoids for the modelling of myocardial infarction and drug cardiotoxicity. Nat Biomed Eng 4, 446Â462 (2020).	2020.0	Selected	iCell	2	EB																				Scaffold free	CM + EC + SC	hCF, hADSC	HUVEC	50, 14, 36	2.0	0.07	Yes						Motion tracking analysis				Dye	0.3	42.0									Seahorse	RNA-seq	norepinephrine
Richards, D. J. et al. Inspiration from heart development: Biomimetic development of functional human cardiac organoids. Biomaterials 142, 112Â123 (2017).	2017.0	Selected	iCell	1																					Scaffold free	CM + EC + SC	hCF	HUVEC	50, 10, 40	2.0	0.13	Yes	SEM, TEM					Motion tracking analysis				Dye			170	480 (50%)								PCR	verapamil, ryanodine, E4031, isoproterenol
Richards, D. J. et al. Nanowires and electrical stimulation synergistically improve functions of hiPSC cardiac spheroids. Nano Lett 16, 4670Â4678 (2016).	2016.0	Top 100	iCell	1													Yes								Scaffold free							Yes	TEM																						
Rogers, A. J., Fast, V. G. & Sethu, P. Biomimetic Cardiac Tissue Model Enables the Adaption of Human Induced Pluripotent Stem Cell Cardiomyocytes to Physiological Hemodynamic Loads. Anal Chem 88, 9862Â9868 (2016).	2016.0	Selected	iCell	1																Flow		Yes		Micropatterned PDMS								Yes																Optical mapping	2.5						
Ronaldson-Bouchard, K. et al. A multi-organ chip with matured tissue niches linked by vascular flow. Nat Biomed Eng 6, 351Â371 (2022).	2022.0	Selected	WTC11	1	100	Activin A, BMP4	0-1	VEGF	1-3	3			Flow cytometry for cTnT+	85			Yes	Yes	Yes						Fibrin	CM + SC	hDF		75, 0, 25	10.0	7	Yes						Motion tracking analysis		2.1												5.6		RNA-seq	doxorubicin, doxorubicinol
Ronaldson-Bouchard, K. et al. Advanced maturation of human cardiac tissue grown from pluripotent stem cells. Nature 556, 239Â243 (2018).	2018.0	Top 100	BS2, C2A, IMR-90, WTC11	4	100	Activin A, BMP4	0-3			3			Flow cytometry for cTnT+	85			Yes	Yes	Yes						Fibrin	CM + SC	hDF		75, 0, 25	10.0	6	Yes	TEM		2.2	1500	Yes	Post deflection	0.8	3.8		Dye				250	25.0	Patch clamp		115	-70.0		Seahorse	PCR	isoproterenol, nifedipine, verapamil, thapsigargin
Roshanbinfar, K. et al. Carbon nanotube doped pericardial matrix derived electroconductive biohybrid hydrogel for cardiac tissue engineering. Biomater Sci 7, 3906Â3917 (2019).	2019.0	Randomized	F1	1	90	CHIR99021	0-2	IWR1	3-5	7							Conductive material						Yes	Decellularized ECM, Electrically conductive hydrogel		CM			100, 0, 0	40.0		Yes		Yes	1.7			Motion tracking analysis			15.25	Dye	0.8		315	145									isoproterenol, epinephrine, nifedipine, verapamil
Ruan, J. L. et al. Mechanical Stress Conditioning and Electrical Stimulation Promote Contractility and Force Maturation of Induced Pluripotent Stem Cell-Derived Human Cardiac Tissue. Circulation 134, 1557Â1567 (2016).	2015.0	Top 100	IBJ, IMR-90	2	80	Activin A, BMP4, CHIR99021, bFGF	0-2	XAV939, IWP2	2-3				Flow cytometry for cTnT+	63				Yes	Yes	Yes					Collagen + Geltrex	CM + EC + SC	hiPSC-SMC	hiPSC-EC	58, 9, 15	20.0	60	Yes						Force transducer 		1.0			0.037	60.0	127									PCR	
Rupert, C. E., Irofuala, C. & Coulombe, K. L. K. Practical adoption of state-of-the-art hiPSC-cardiomyocyte differentiation techniques. PLoS One 15, (2020).	2020.0	Selected	Gibco episomal, NCRM-5, WTC11	3		CHIR99021	0-1	IWP2	3-5	9, not 13-17	No glucose with lactate	13-17	Flow cytometry for cTnT+	82				Yes	Yes						Collagen	CM + SC	hCF		95, 0, 5	1.0								Force transducer		0.18													Seahorse		
Rupert, C. E., Kim, T. Y., Choi, B. R. & Coulombe, K. L. K. Human Cardiac Fibroblast Number and Activation State Modulate Electromechanical Function of hiPSC-Cardiomyocytes in Engineered Myocardium. Stem Cells Int 2020, (2020).	2020.0	Selected	Gibco episomal	1	70	CHIR99021	Not listed	IWP2	Not listed	7			Flow cytometry for cTnT+	52				Yes	Yes						Collagen	CM + SC	hCF		95, 0, 5	16.0	10	Yes						Force transducer		0.15		Dye						Optical mapping				2.9		PCR	
Saleem, U. et al. Blinded, Multicenter Evaluation of Drug-induced Changes in Contractility Using Human-induced Pluripotent Stem Cell-derived Cardiomyocytes. Toxicological Sciences 176, 103Â123 (2020).	2020.0	Selected	in-house, iCell2, Pluricyte	3		Activin A, BMP4, bFGF	0-3	DS-I-7	3-10	6								Yes							Fibrin + matrigel	CM			100, 0, 0	10.0	10							Post deflection				Dye						Optical mapping							epinephrine, forskolin, levosimendan, pimobendan, dobutamine, milrinone, omecamtiv mecarbil, terbutaline, verapamil, doxorubicin, sunitinib, citalopram, itraconazole, sorafenib, ivabradine, flecainide, phentolamine, zimelidine, atenolol, acetylsalicylic acid, captopril, glibenclamide, enalaprilat, clonidine, paracetamol, tolbutamide, pravastatin, sildenafil
Saleem, U. et al. Force and Calcium Transients Analysis in Human Engineered Heart Tissues Reveals Positive Force-Frequency Relation at Physiological Frequency. Stem Cell Reports 14, 312Â324 (2020).	2020.0	Selected	in-house	1	EB	Activin A, BMP4, bFGF	0-3	DS-I-7	3-10	7, not 10-13	1-Thioglycerol	10-13	Flow cytometry for cTnT+					Yes							Fibrin	CM			100, 0, 0	10.0	16	Yes						Post deflection	0.25			Genetically encoded sensor		83.0	190										isoproterenol, nifedipine, Bay K-8644, digoxin, EMD-57033, omecamtiv mecarbil
Saludas, L. et al. Long-term engraftment of human cardiomyocytes combined with biodegradable microparticles induces heart repair. Journal of Pharmacology and Experimental Therapeutics 370, 761Â771 (2019).	2019.0	Randomized	Gibco episomal	1	85	CHIR99021	0-1	WntC-59	3-5	7	No glucose with lactate	9-12	Flow cytometry for cTnT+	90								Biodegradable and biomimetic microparticles		ECM-coated microparticles								Yes																						PCR	
Sapp, V. et al. Genome-wide CRISPR/Cas9 screening in human iPS derived cardiomyocytes uncovers novel mediators of doxorubicin cardiotoxicity. Sci Rep 11, (2021).	2021.0	Randomized	IPSL1	1		CHIR99021	0-1	Wnt-C59	3-5	0	No glucose with lactate	15-25	Flow cytometry for cTnT+											ECM-coated plastic/glass																														RNA-seq, PCR	doxorubicin
Saraf, A. et al. Functional and molecular effects of TNF-? on human iPSC-derived cardiomyocytes. Stem Cell Res 52, (2021).	2021.0	Selected	SCVI-273, IMR-90	2	85	CHIR99021	0-2	IWR1	2-4	5			IHC for a-actinin	85										ECM-coated plastic/glass								Yes						Motion tracking analysis				Dye												RNA-seq	
Sasaki, D. et al. Contractile force measurement of human induced pluripotent stem cell-derived cardiac cell sheet-tissue. PLoS One 13, (2018).	2018.0	Top 100	201B7	1	EB	Activin A, BMP4, bFGF	0-4	IWR1	4-6				Flow cytometry for cTnT+	95											Fibrin	CM			100, 0, 0		144	Yes						Force transducer	0.85	3.3															adrenaline
Schaefer, J. A., Guzman, P. A., Riemenschneider, S. B., Kamp, T. J. & Tranquillo, R. T. A cardiac patch from aligned microvessel and cardiomyocyte patches. J Tissue Eng Regen Med 12, 546Â556 (2018).	2018.0	Randomized	DF19-9-11T.H	1		CHIR99021	0-1	IWP2	3-5	7			Flow cytometry for cTnT+	85					Yes		Yes				Fibrin	CM + EC + SC	hPC	BOEC	65, 29, 6		5							Force transducer	1																
Schulz, A. et al. Tyramine-conjugated alginate hydrogels as a platform for bioactive scaffolds. J Biomed Mater Res A 107, 114Â121 (2019).	2019.0	Randomized	Cor.4U	1																	Yes	Yes		ECM-coated plastic/glass														Motion tracking analysis																	
Schulze, M. L. et al. Dissecting hiPSC-CM pacemaker function in a cardiac organoid model. Biomaterials 206, 133Â145 (2019).	2019.0	Selected	in-house	1	EB	Activin A, BMP4, bFGF	0-3	DS-I-7	3-10	7, not 10-13	1-Thioglycerol	10-13	Flow cytometry for cTnT+	86											Scaffold free	CM			100, 0, 0		0.37	Yes										Dye						Patch clamp		90	-62.0			PCR	Ivabradine
Shadrin, I. Y. et al. Cardiopatch platform enables maturation and scale-up of human pluripotent stem cell-derived engineered heart tissues. Nat Commun 8, (2017).	2017.0	Top 100	ATCC, BJ1	2		CHIR99021	0-1	IWP4	3-5	7, not 10-12	No glucose with lactate	10-12	Flow cytometry for cTnT+	86				Yes		Yes					Fibrin + matrigel	CM			100, 0, 0	17.2	49-1681	Yes	TEM				Yes	Force transducer	20	22.4								Optical mapping	28.0					PCR	
Shanmughapriya, S. et al. FOXD1-dependent MICU1 expression regulates mitochondrial activity and cell differentiation. Nat Commun 9, (2018).	2018.0	Randomized	iPS-GM942-SeV3, iPS-GM942-SeV5	2									Flow cytometry for cTnT+											ECM-coated plastic/glass																													Seahorse		
Sharma, A. et al. High-throughput screening of tyrosine kinase inhibitor cardiotoxicity with human induced pluripotent stem cells. Sci Transl Med 9, (2017).	2017.0	Top 100	in-house(2), iCell	11	85	CHIR99021	0-2	Wnt-C59	2-5		No glucose with lactate													ECM-coated plastic/glass								Yes						Motion tracking analysis										Patch clamp		90				RNA-seq	doxorubicin, dabrafenib, dasatinib, lapatinib, pazopanib, sorafenib, sunitinib, trametinib, nilotinib, crizotinib, vandetanib, vemurafenib
Shen, S. et al. Physiological calcium combined with electrical pacing accelerates maturation of human engineered heart tissue. Stem Cell Reports 17, 2037Â2049 (2022).	2022.0	Selected	PGP1, in-house	2		CHIR99021	0-1	IWP4	3-5	6, not 12-16	No glucose with lactate	12-16					Yes	Yes	Yes			Yes	Yes		Decellularized tissue	CM + SC	hCF		90, 0, 10	10.0	2.5							Force transducer	0.17		time to peak=0.29s	Dye		12.0										RNA-seq	isoproterenol
Shinnawi, R. et al. Monitoring human-induced pluripotent stem cell-derived cardiomyocytes with genetically encoded calcium and voltage fluorescent reporters. Stem Cell Reports 5, 582Â596 (2015).	2015.0	Selected	TRDSi002-A-1	1	85	CHIR99021	0-2	IWR1	3-5	11	No glucose	11-15	Flow cytometry for cTnI+	88										ECM-coated plastic/glass								Yes										Genetically encoded sensor; Dye	3.0		250			Genetically encoded sensor; Optical mapping						PCR	cisapride, erythromycin, sotalol, nilotinib, oubain
Silva, A. C. et al. Co-emergence of cardiac and gut tissues promotes cardiomyocyte maturation within human iPSC-derived organoids. Cell Stem Cell 28, 2137-2152.e6 (2021).	2021.0	Selected	WTC11	1	100	CHIR99021	0-1	IWP2	3-5	7									Yes						Scaffold free		"Mesendoderm progenitor cels 
"				0.05	Yes	TEM	Yes	1.75	2000						Genetically encoded sensor 	2.2	54.0				Patch clamp		104	-66.0	4.0		RNA-seq	
Smith, A. S. T. et al. NanoMEA: A Tool for High-Throughput, Electrophysiological Phenotyping of Patterned Excitable Cells. Nano Lett 20, 1561Â1570 (2020).	2021.0	Selected	iCell	1									IHC a-actinin	90							Yes			MEA								Yes			1.95							Dye			204			Patch clamp; MEA	26.0		-45.0				bepridil, cisapride, carbenoxolone, verapamil
Strimaityte, D. et al. Contractility and Calcium Transient Maturation in the Human iPSC-Derived Cardiac Microfibers. ACS Appl Mater Interfaces 14, 35376Â35388 (2022).	2022.0	Selected	in-house WTC	1	85	CHIR99021	0-2	IWR1	3-5	7	No glucose	12-14	Flow cytometry for cTnT+	90							Yes	Yes		Micropatterned PAA								Yes			1.9		Yes	Motion tracking analysis			6	Dye												PCR	
Strober, B. J. et al. Dynamic genetic regulation of gene expression during cellular differentiation.	2019.0	Top 100	in-house	19	85	CHIR99021	0-1	Wnt-C59	3-5				Flow cytometry for cTnT+	40.4										ECM-coated plastic/glass								Yes		Yes																					
Sun, S. et al. Progressive Myofibril Reorganization of Human Cardiomyocytes on a Dynamic Nanotopographic Substrate. ACS Appl Mater Interfaces 12, 21450Â21462 (2020).	2020.0	Randomized	WTC11	1	100	CHIR99021	0-2	IWP4	2-4	6, not 22-28	No glucose with lactate	22-28									Yes	Yes		Nanotopography (Shape memory polymers (SMP) Poly(tBA-co-BA) PEM coated with wrinkles)								Yes	SEM	Yes	2.0	1500		Motion tracking analysis			1.2														blebbistatin
Sung, T. C. et al. Transient characteristics of universal cells on human-induced pluripotent stem cells and their differentiated cells derived from foetal stem cells with mixed donor sources. Cell Prolif 54, (2021).	2021.0	Randomized	454E2, in-house (3)	4	85	CHIR99021	0-2	IWR1	4-6	7														ECM-coated plastic/glass								Yes																							
Takada, T. et al. Aligned human induced pluripotent stem cell-derived cardiac tissue improves contractile properties through promoting unidirectional and synchronous cardiomyocyte contraction. Biomaterials 281, (2022).	2022.0	Selected	201B7	1	EB	Activin A, BMP4, bFGF	0-4	IWR1	4-6		Puromycin		Flow cytometry for cTnT+	89							Yes			Microgrooves								Yes		Yes				Motion tracking analysis, force transducer	0.9														Metabolic flux	PCR	isoproterenol
Takeda, M. et al. Development of in vitro drug-induced cardiotoxicity assay by using three-dimensional cardiac tissues derived from human induced pluripotent stem cells. Tissue Eng Part C Methods 24, 56Â67 (2018).	2018.0	Top 100	253G1	1		Activin A, BMP4, bFGF	0-4	IWR1	4-6																Fibronectin/gelatin nano films	CM			100, 0, 0	0.5		Yes						Motion tracking analysis				Dye						MEA						PCR	E4031, isoproterenol
Tamargo, M. A. et al. MilliPillar: A Platform for the Generation and Real-Time Assessment of Human Engineered Cardiac Tissues. ACS Biomater Sci Eng 7, 5215Â5229 (2021).	2021.0	Selected	WTC11, BS2	2	85	CHIR99021	0-2	Wnt-C59	2-4	10	No glucose	10-13	Flow cytometry for cTnT+	85			Yes	Yes	Yes						Fibrin or collagen	CM + SC	hCF;hDF		75, 0, 25	37.0	2	Yes		Yes				Post deflection		3.22	622	Genetically encoded sensor	0.18		210							2.7			
Tan, Y. et al. Cell number per spheroid and electrical conductivity of nanowires influence the function of silicon nanowired human cardiac spheroids. Acta Biomater 51, 495Â504 (2017).	2017.0	Randomized	iCell	1																				ECM-coated plastic/glass	Scaffold free	CM			100, 0, 0	0.21	0.03	Yes	TEM										2.2										OCR chamber equipped with fiber optic sensors		
Tan, Y. et al. Silicon nanowire-induced maturation of cardiomyocytes derived from human induced pluripotent stem cells. Nano Lett 15, 2765Â2772 (2015).	2015.0	Top 100	iCell	1																					Scaffold free	CM + NRCM			100, 0, 0	3.0	0.09	Yes	TEM	Yes	1.8							Dye	1.5		800									PCR	
Tang, Y. et al. Induction and differentiation of human induced pluripotent stem cells into functional cardiomyocytes on a compartmented monolayer of gelatin nanofibers. Nanoscale 8, 14530Â14540 (2016).	2016.0	Selected	253G1	1		CHIR99021	0-1	IWP2	3-5	8			Flow cytometry for cTnT+	75							Yes			Electrospun fibers								Yes												108.0				MEA						PCR	E-4031, isoproterenol, propranolol
Thavandiran, N. et al. Functional arrays of human pluripotent stem cell-derived cardiac microtissues. Sci Rep 10, (2020).	2020.0	Selected	iPSCTF	1	90	CHIR99021	0-1	IWP2 and proprietary tankyrase inhibitor	3-5	5			Flow cytometry for cTnT+					Yes	Yes						Collagen	CM + SC	hCF		100, 0, 10		2	Yes						Post deflection																	blebbistatin, isoproterenol, nifedipine
Thomas, T. et al. Extrusion 3D Printing of Porous Silicone Architectures for Engineering Human Cardiomyocyte-Infused Patches Mimicking Adult Heart Stiffness. ACS Appl Bio Mater 3, 5865Â5871 (2020).	2019.0	Selected	PGP1	1	85	CHIR99021	0-3	IWP4	3-4	9			Not listed	90							Yes				3D printed silicone macroporous silicone scaffold	CM			100, 0, 0		100	Yes																							
Tiburcy, M. et al. Defined engineered human myocardium with advanced maturation for applications in heart failure modeling and repair. Circulation 135, 1832Â1847 (2017).	2017.0	Top 100	BJ1, hiPS-G1	2		Activin A, BMP4, CHIR99021, bFGF	0-3	IWP4	4-13	17	No glucose and lactate	13-17	Flow cytometry for a-actinin+	94				Yes	Yes						Collagen + matrigel	CM + SC	hCF		70, 0, 30	30.0	1	Yes	EM		1.95			Post deflection	1.3	6.0								Patch clamp		97	-57.0			RNA-seq	isoproterenol, carbachol, CGP-20712A, CI-118551
Toepfer, C. N. et al. Myosin Sequestration Regulates Sarcomere Function, Cardiomyocyte Energetics, and Metabolism, Informing the Pathogenesis of Hypertrophic Cardiomyopathy. Circulation 828Â842 (2020). 	2020.0	Top 100	PGP1	1	90	CHIR99021	0-1	Wnt-C59	3-5	7	No glucose	9-11												ECM-coated plastic/glass								Yes				2000																	Seahorse		
Toepfer, C. N. et al. SarcTrack. Circ Res 124, 1172Â1183 (2019).	2019.0	Top 100	PGP1	1		CHIR99021	0-1	IWP4	3-5	7	No glucose with lactate	10-12												ECM-coated plastic/glass								Yes			1.93			Motion tracking analysis; TFM						40.0											"MYK-461, CK-1827452, verapamil, propanolol
"
Tomov, M. L. et al. Distinct and Shared Determinants of Cardiomyocyte Contractility in Multi-Lineage Competent Ethnically Diverse Human iPSCs. Sci Rep 6, (2016).	2016.0	Randomized	in-house	1		CHIR99021	0-1	IWP2	3-5												Yes			Micropatterned PDMS								Yes																						RNA-seq	
Treat, J. A., Goodrow, R. J., Bot, C. T., Haedo, R. J. & Cordeiro, J. M. Pharmacological enhancement of repolarization reserve in human induced pluripotent stem cells derived cardiomyocytes. Biochem Pharmacol 169, (2019).	2019.0	Randomized	WiCell	1		CHIR99021	0-2	IWP2, KY0211	2-6	8	No glucose with lactate	12-14												MEA																								MEA		100				PCR	NS3623, E4031
Tsui, J. H. et al. Tunable electroconductive decellularized extracellular matrix hydrogels for engineering human cardiac microphysiological systems. Biomaterials 272, (2021).	2021.0	Selected	UC3-4 A1	1		CHIR99021	0-1	IWP4	3-5	7			Flow cytometry for cTnT+	90			Conductive		Yes				Yes		Decellularized tissue	CM + SC	hMSC		80, 0, 20	25.0	40	Yes			2.1			Post deflection	0.045		330	Dye	0.35		200			Patch clamp	35.0	-50				RNA-seq, PCR	cisapride 
Tsukamoto, Y., Akagi, T. & Akashi, M. Vascularized cardiac tissue construction with orientation by layer-by-layer method and 3D printer. Sci Rep 10, (2020).	2020.0	Selected	253G1	1	EB	Activin A, BMP4, bFGF	0-2	IWR1, IWP2	2-4				IHC cTnT	90					Yes						3D printing, cell spheroids coated in fibronectin and gelatin solution	CM + EC + SC	hCF	CMVEC	37.5, 50, 12.5	2.75	4.5	Yes		Yes				Motion tracking analysis			34														
Ulmer, B. M. et al. Contractile Work Contributes to Maturation of Energy Metabolism in hiPSC-Derived Cardiomyocytes. Stem Cell Reports 10, 834Â847 (2018).	2018.0	Top 100	C25, UKEi003-C	2	EB	Activin A, BMP4, bFGF	0-3	DS-I-7	3-6	6, not 9-12			Flow cytometry for cTnT+	77				Yes							Fibrin	CM			100, 0, 0	10.0	5		TEM					Motion tracking analysis	0.2														Metabolic flux	PCR	blebbistatin, N-benzyl-p-toluene sulfonamide
Uzun, A. U. et al. Ca2+-currents in human induced pluripotent stem cell-derived cardiomyocytes effects of two different culture conditions. Front Pharmacol 7, (2016).	2016.0	Selected	in-house	1	EB	Activin A, BMP4, bFGF	0-3	DS07																ECM-coated plastic/glass	Fibrin + matrigel	CM			100, 0, 0	5.0	100																	Patch clamp							nimodipine, E4031, norepinephrine, epinephrine, serotonin, ICI118,551, CP 20712A, nifedipine, mibefradil 
Vaidyanathan, R. et al. I K1-enhanced human-induced pluripotent stem cell-derived cardiomyocytes: an improved cardiomyocyte model to investigate inherited arrhythmia syndromes. Am J Physiol Heart Circ Physiol 310, 1611Â1621 (2016).	2016.0	Top 100	iCell	1													Adenoviral transfection to enhance IK1 in hiPSC-CMs							ECM-coated plastic/glass								Yes				1900												Patch clamp			-75.0				
Valarmathi, M. T., Fuseler, J. W., Davis, J. M. & Price, R. L. A novel human tissue-engineered 3-D functional vascularized cardiac muscle construct. Front Cell Dev Biol 5, (2017).	2017.0	Randomized	iCell	1																					Collagen	CM + EC + SC	hMSC	hiPSC-EC	65, 32, 3			Yes	SEM, TEM									Dye												PCR	isoproterenol, clenbuterol, diltiazem
Valls-Margarit, M. et al. Engineered Macroscale Cardiac Constructs Elicit Human Myocardial Tissue-like Functionality. Stem Cell Reports 13, 207Â220 (2019).	2019.0	Selected	ESi044-A	1	100	CHIR99021	0-1	IWP4	3-5	7			Flow cytometry for cTnI	72			Yes		Yes	Yes					Collagen + elastin 	CM + SC	hFF		90, 0, 10	5.0	78.5	Yes	TEM					Motion tracking analysis										MCR				2.5		PCR	isoproterenol, carbachol, sotalol
van Meer, B. J. et al. Simultaneous measurement of excitation-contraction coupling parameters identifies mechanisms underlying contractile responses of hiPSC-derived cardiomyocytes. Nat Commun 10, (2019).	2019.0	Selected	Pluricyte	1																				ECM-coated plastic/glass																		Dye						MEA; Optical mapping							epinephrine, pimobendan, forskolin, acetylsalicylic acid, levosimendan, atenolol, verapamil, captopril, doxorubicin, omecamtiv mecarbil, sunitinib, ouabain
Vannozzi, L. et al. Self-Folded Hydrogel Tubes for Implantable Muscular Tissue Scaffolds. Macromol Biosci 18, (2018).	2018.0	Top 100	Cor.4U	1																Yes		Yes			PEG							Yes						Motion tracking analysis																	
Wang, C. et al. Maladaptive Contractility of 3D Human Cardiac Microtissues to Mechanical Nonuniformity. Adv Healthc Mater 9, (2020).	2020.0	Selected	WTC11	1		CHIR99021	0-1	IWP2	3-5	7, not 20-24	No glucose with lactate	20-24									Yes				3D filamentous matrices composed of three layers of micronscale parallel fibers	CM			100, 0, 0	3.0	0.039	Yes						Motion tracking analysis	0.000175		38														
Wang, J. et al. Graphene Sheet-Induced Global Maturation of Cardiomyocytes Derived from Human Induced Pluripotent Stem Cells. ACS Appl Mater Interfaces 9, 25929Â25940 (2017).	2017.0	Randomized	KB3, NC5	2	87.5	CHIR99021	0-1	IWR1	3-4								Conductive material							ECM-coated plastic/glass								Yes	SEM, TEM		1.8							Dye	1.69				5.6	Patch clamp	5.0	75	-42.0			PCR	
Wang, Q. et al. Functional engineered human cardiac patches prepared from natureÂs platform improve heart function after acute myocardial infarction. Biomaterials 105, 52Â65 (2016).	2016.0	Top 100	in-house	2	90	CHIR99021	0-1	IWR1	1-5	7			Flow cytometry for cTnT+	90											Decellularized tissue	CM + EC + SC	hiPSC-SC		75, 0, 25			Yes	TEM															MEA						PCR	epinephrine, nifedipine, E4031, metoprolol
Wanjare, M. et al. Anisotropic microfibrous scaffolds enhance the organization and function of cardiomyocytes derived from induced pluripotent stem cells. Biomater Sci 5, 1567Â1578 (2017).	2017.0	Selected	P356	1		CHIR99021	0-2	IWR1	2-4	7	No glucose with lactate	9-15	IHC cTnT	80					Yes		Yes			Electrospun fibers								Yes		Yes	1.6			Motion tracking analysis			5	Dye		27.0										PCR	
Wei, L., Li, W., Entcheva, E. & Li, Z. Microfluidics-enabled 96-well perfusion system for high-throughput tissue engineering and long-term all-optical electrophysiology. Lab Chip 20, 4031Â4042 (2020).	2020.0	Randomized	iCell	1													Optical stimulation			Flow				ECM-coated plastic/glass								Yes										Genetically encoded sensor						Optical mapping							
Weinberger, F. et al. Cardiac repair in guinea pigs with human engineered heart tissue from induced pluripotent stem cells. Sci Trans Med 8, (2016).  	2016.0	Top 100	C25	1	EB	Activin A, BMP4, bFGF	0-3	DS-I-7	4-11	7			Flow cytometry for cTnT+, Flow cytometry for a-actinin+	83				Yes	Yes						Fibrin	CM + EC		hiPSC-EC	71, 29, 0	9.7	27	Yes																							
Wendel, J. S. et al. Functional Effects of a Tissue-Engineered Cardiac Patch From Human Induced Pluripotent Stem Cell-Derived Cardiomyocytes in a Rat Infarct Model. Stem Cells Transl Med 4, 1324Â1332 (2015).	2015.0	Top 100	DF19-9-11T.H	1		CHIR99021	0-1	IWP2	3-5	8, not 19-23	No glucose with lactate	10-23	Flow cytometry for cTnT+	94					Yes						Fibrin	CM + SC	hPC		86, 0, 14	2.03	22.6	Yes						Motion tracking analysis	0.45																
Weng, K. C. et al. Human Induced Pluripotent Stem-Cardiac-Endothelial-Tumor-on-a-Chip to Assess Anticancer Efficacy and Cardiotoxicity. Tissue Eng Part C Methods 26, 44Â55 (2020).	2020.0	Randomized	in-house	1		CHIR99021	0-2	IWP2	3-5	7, not 13-21	No glucose with lactate	13-21					Yes		Yes						Fibrin	CM + EC (+ tumor)	colon adenocarcinoma (SW620)	hiPSC-EC	77, 23, 0	130.0	2	Yes										Genetically encoded sensor		30.0			4.2								doxorubicin, oxaliplatin
Wheelwright, M. et al. Investigation of human iPSC-derived cardiac myocyte functional maturation by single cell traction force microscopy. PLoS One 13, (2018).	2018.0	Selected	DF19-9-11T.H	1	90	CHIR99021	0-1	IWP4	3-5	7							Calcium concentration				Yes	Yes		Micropatterned PAA gel 								Yes				1200		TFM	0.00024	0.32														PCR	
Williams, K. et al. A 3-D human model of complex cardiac arrhythmias. Acta Biomater 132, 149Â161 (2021).	2021.0	Randomized	iCell, iPSC-CM Lonza	2														Yes	Yes						Fibrin + matrigel	CM + SC	hCF		75, 0, 25	0.025	1.8	Yes						Rod deflection				Dye		45.0			18.0							RNA-seq	lidocaine, isoproterenol, flecainide, propranolol, amiodarone
Wnorowski, A. et al. Effects of Spaceflight on Human Induced Pluripotent Stem Cell-Derived Cardiomyocyte Structure and Function. Stem Cell Reports 13, 960Â969 (2019).	2019.0	Randomized	in-house	3	85	CHIR99021	0-2	IWR1	3-5	7	No glucose	9-12												ECM-coated plastic/glass								Yes		Yes	1.75			Motion tracking analysis			7	Dye												RNA-seq	
Wong, A. O. T. et al. Correlation between frataxin expression and contractility revealed by in vitro FriedreichÂs ataxia cardiac tissue models engineered from human pluripotent stem cells. Stem Cell Res Ther 10, (2019).	2019.0	Randomized	PB02	1	EB	Activin A, BMP4	0-3	IWR1	4-7				Flow cytometry for cTnT+	77				Yes	Yes					Microgrooves	Collagen + matrigel	CM + SC	hFF		91, 0, 9	1.43	1.75							Post deflection	0.05									Optical mapping				2.6			
Wu, H. et al. Epigenetic Regulation of Phosphodiesterases 2A and 3A Underlies Compromised ?-Adrenergic Signaling in an iPSC Model of Dilated Cardiomyopathy. Cell Stem Cell 17, 89Â100 (2015).	2015.0	Top 100	in-house	3		CHIR99021	0-2	IWR1	3-5	7	No glucose	9-11	Flow cytometry for cTnT+	90										ECM-coated plastic/glass								Yes										Dye	4.5	70.0	250									RNA-seq	isoproterenol
Wu, K. H. et al. Efficient generation of functional cardiomyocytes from human umbilical cord-derived virus-free induced pluripotent stem cells. Cell Tissue Res 374, 275Â283 (2018).	2018.0	Randomized	in-house	1	100	Activin A	0-1	BMP4, bFGF	1-5	5			IHC a-actinin and cTnT	80										ECM-coated plastic/glass								Yes										Dye	0.7	40.0				Patch clamp						PCR	isoproterenol, carbamylcholine
Xu, C. et al. Bioinspired onion epithelium-like structure promotes the maturation of cardiomyocytes derived from human pluripotent stem cells. Biomater Sci 5, 1810Â1819 (2017).	2017.0	Selected	in-house	1	85	CHIR99021	0-1	IWP2	3-5	7											Yes			Micropatterned PDMS								Yes	SEM	Yes				Motion tracking analysis			30	Dye		40.0										PCR	
Xu, F. et al. MicroRNA-302d promotes the proliferation of human pluripotent stem cell-derived cardiomyocytes by inhibiting LATS2 in the Hippo pathway. Clin Sci 133, 1387Â1399 (2019).	2019.0	Randomized	Cellapy	1	85	CHIR99021	0-1	IWP2	3-5	7	No glucose													ECM-coated plastic/glass								Yes																						PCR	
Yang, B. et al. A Net Mold-Based Method of Biomaterial-Free Three-Dimensional Cardiac Tissue Creation. Tissue Eng Part C Methods 25, 243Â252 (2019).	2019.0	Selected	in-house	1		CHIR99021		IWR1											Yes		Yes				Collagen	CM + EC + SC	hCF	HUVEC	70, 15, 15	2.5		Yes			2.2																				
Yassa, M. E., Mansour, I. A., Sewelam, N. I., Hamza, H. & Gaafar, T. The impact of growth factors on human induced pluripotent stem cells differentiation into cardiomyocytes. Life Sci 196, 38Â47 (2018).	2018.0	Randomized	UKKi011-A	1	85	Activin A, BMP4	0-3	IWP2	3-5		No glucose with lactate	13-16	Flow cytometry for cTnT+	92										MEA								Yes																MEA		93				PCR	
Yokota, M., Hatakeyama, H., Ono, Y., Kanazawa, M. & Goto, Y. I. Mitochondrial respiratory dysfunction disturbs neuronal and cardiac lineage commitment of human iPSCs. Cell Death Dis 8, (2017).	2017.0	Randomized	in-house	1		Activin A, BMP4, bFGF	0-5	DKK-1	6-12															ECM-coated plastic/glass								Yes						Motion tracking analysis															Seahorse		
Yoshida, S. et al. Maturation of Human Induced Pluripotent Stem Cell-Derived Cardiomyocytes by Soluble Factors from Human Mesenchymal Stem Cells. Molecular Therapy 26, 2681Â2695 (2018).	2018.0	Top 100	253G1	1	EB	Activin A, BMP4, bFGF	0-3	IWP3	3-7				Flow cytometry for cTnT+	78					Yes					ECM-coated plastic/glass								Yes		Yes		3000		Motion tracking analysis			16		1.04	40.0									Seahorse	PCR	
Yoshida, S., Sumomozawa, K., Nagamine, K. & Nishizawa, M. Hydrogel Microchambers Integrated with Organic Electrodes for Efficient Electrical Stimulation of Human iPSC?Derived Cardiomyocytes. Macromol Biosci 19, 1900060 (2019).	2019.0	Randomized	ReproCardio2	1													Yes								Scaffold free	CM			100, 0, 0	0.015	0.0625	Yes						Motion tracking analysis																	
Yu, C. et al. Scanningless and continuous 3D bioprinting of human tissues with decellularized extracellular matrix. Biomaterials 194, 1Â13 (2019).	2019.0	Top 100	HDF-Cat-106-K-05a-CellApplications , BJ1	2	85		0-2		2-4	4, not 12-18	No glucose with lactate	12-18									Yes		Yes		Decellularized tissue	CM			100, 0, 0	50.0	9	Yes																						PCR	
Zaunbrecher, R. J. et al. Cronos titin is expressed in human cardiomyocytes and necessary for normal sarcomere function. Circulation 140, 1647Â1660 (2019).	2019.0	Randomized	WTC11	1		Activin A, BMP4, CHIR99021	0-3	XAV939	3-5	7, not 18-22	No glucose with lactate	18-22	Flow cytometry for cTnT+	96				yes	Yes					Micropatterned plastic/glass	Fibrin	CM + SC	hMSC		91, 0, 9	4.4	16	Yes			1.7	9000		Post deflection 	0.21	0.95	1300	Dye	0.2		180									PCR	
Zhang, F. et al. Design and fabrication of an integrated heart-on-a-chip platform for construction of cardiac tissue from human iPSC-derived cardiomyocytes and in situ evaluation of physiological function. Biosens Bioelectron 179, (2021).	2021.0	Selected	Cellapy	1	70		0-2		2-4	4			Visual inspection	80			Yes			Flow					Gelatin	CM			100, 0, 0		49	Yes						Motion tracking analysis			40.5	Dye						MEA							verapamil, isoproterenol
Zhang, J. Z. et al. A Human iPSC Double-Reporter System Enables Purification of Cardiac Lineage Subpopulations with Distinct Function and Drug Response Profiles. Cell Stem Cell 24, 802-811.e5 (2019).	2019.0	Top 100	SCVI	2	85	CHIR99021	0-1	IWR1	3-5	7	No glucose	11-14	Flow cytometry for cTnT+											ECM-coated plastic/glass								Yes						Motion tracking analysis			10			90.0									Seahorse	RNA-seq	ivabradine, carbamylcholine, vernakalant
Zhang, K. et al. Plakophilin-2 truncating variants impair cardiac contractility by disrupting sarcomere stability and organization. Sci. Adv 7, (2021). 	2021.0	Selected	PGP1, WTC11	2		CHIR99021	0-1	IWP4	3-5	13	No glucose with lactate	9-13						Yes	Yes		Yes	Yes		ECM-coated plastic/glass	Fibrin + matrigel	CM + SC	hMSC		90, 0, 10	8.0	7.5	Yes		Yes				TFM; Post deflection	0.08	0.28								Genetically encoded sensor						PCR	
Zhang, L. et al. Derivation and high engraftment of patient-specific cardiomyocyte sheet using induced pluripotent stem cells generated from adult cardiac fibroblast. Circ Heart Fail 8, 156Â166 (2015).	2015.0	Top 100	in-house	3		Activin A	0-1	BMP4, bFGF	1-5	5			Flow cytometry for cTnT+	90										ECM-coated plastic/glass								Yes										Dye												PCR	
Zhang, M. et al. Universal cardiac induction of human pluripotent stem cells in two and three-dimensional formats: Implications for in vitro maturation. Stem Cells 33, 1456Â1469 (2015).	2015.0	Top 100	in-house	3	100	CHIR99021, BMP4	0-1	IWP2	2-3															ECM-coated plastic/glass	Scaffold free	CM			100, 0, 0		0.28	Yes	TEM																					PCR	
Zhang, Y. S. et al. Bioprinting 3D microfibrous scaffolds for engineering endothelialized myocardium and heart-on-a-chip. Biomaterials 110, 45Â59 (2016).	2016.0	Top 100	Stem Cell Theranostics CMs	1															Yes	Flow	Yes				gelMA+alginate, 3D printing	CM + EC		HUVEC	9, 91, 0	11.0	19.25	Yes		Yes				Motion tracking analysis						40.0											doxorubicin
Zhao, Y. et al. A Platform for Generation of Chamber-Specific Cardiac Tissues and Disease Modeling. Cell 176, 913-927.e18 (2019).	2019.0	Top 100	BJ1, C2A, iCell, iCell2, CDI(3)	7	100; EB	Activin A, BMP4; CHIR99021	0-1	IWP2 or IWP4	3-5	7			Flow cytometry for cTnT+	75			Yes	Yes	Yes						Collagen + matrigel	CM + SC	hCF		91, 0, 9	50.0	1.7	Yes	TEM					Post deflection	2.6	23.2		Dye	0.08		290			Optical mapping	32.0	100	-65.0				E4031, isoproterenol, milrinone, diltiazem, lidocaine, nifedipine, thapsigargin
Zhao, Y. et al. Engineering microenvironment for human cardiac tissue assembly in heart-on-a-chip platform. Matrix Biology 85Â86, 189Â204 (2020).	2020.0	Randomized	BJ1	1	85	CHIR99021	0-1	IWP2	3-5	7			Flow cytometry for cTnT+	75			Yes	Yes	Yes						Collagen + fibrin + matrigel	CM + SC	hCF		91, 0, 9	50.0	2.5	Yes		Yes				Post deflection										Patch clamp				5.0			
Ziegler, N. et al. AMPKb1 and AMPKb2 define an isoform-specific gene signature in human pluripotent stem cells, differentially mediating cardiac lineage specification. Journal of Biological Chemistry 295, 17659Â17671 (2020).	2020.0	Randomized	ASE-9202	1		StemCell Differentiation kit	0-4		6-8	8	No glucose with lactate	10-12	Western blot for cTnT	30										ECM-coated plastic/glass								Yes																					Metabolic flux	RNA-seq, PCR	
Zuppinger, C. et al. Characterization of cytoskeleton features and maturation status of cultured human iPSC-derived cardiomyocytes. European Journal of Histochemistry 61, 145Â153 (2017).	2017.0	Randomized	ax2505	1																				ECM-coated plastic/glass								Yes			1.7																				
